bill_payer_account_id,bill_billing_period_start_date,bill_billing_period_end_date,line_item_usage_account_id,line_item_line_item_id,line_item_usage_start_date,line_item_usage_end_date,line_item_line_item_type,line_item_product_code,product_product_name,product_region,line_item_resource_id,line_item_usage_type,line_item_operation,line_item_line_item_description,pricing_unit,line_item_usage_amount,pricing_public_on_demand_rate,pricing_public_on_demand_cost,line_item_unblended_rate,line_item_unblended_cost,reservation_effective_cost,reservation_unused_recurring_fee,savings_plan_savings_plan_effective_cost,savings_plan_unused_commitment,line_item_currency_code,pricing_term,pricing_purchase_option,commitment_profile_id,resource_tags_user_application,resource_tags_user_department,resource_tags_user_environment,resource_tags_user_cost_center,resource_tags_user_owner,is_synthetic,is_late_arriving,record_available_date,data_quality_status,injected_scenario
111111111111,2025-07-01,2025-08-01,111111111112,61012b86-b8ef-5e4c-b90c-01e7fa66d7bd,2025-07-01T00:00:00,2025-07-02T00:00:00,Usage,AWSLambda,AWS Lambda,us-east-1,function-209a31e43cd4,Request,Invoke,AWS Lambda usage for Customer Support,Requests,298560.675,0.0,0.059712,0.0,0.059712,0.0,0.0,0.0,0.0,USD,OnDemand,OnDemand,,,,,,,True,False,2025-07-03,MISSING_TAGS,
111111111111,2025-07-01,2025-08-01,111111111112,61820aa7-b770-5c1f-90a7-8596d4132aa7,2025-07-01T00:00:00,2025-07-02T00:00:00,Usage,AWSLambda,AWS Lambda,us-east-1,function-3c4ae084197e,Request,Invoke,AWS Lambda usage for Checkout,Requests,454142.64,0.0,0.090829,0.0,0.090829,0.0,0.0,0.0,0.0,USD,OnDemand,OnDemand,,,,,,,True,False,2025-07-03,MISSING_TAGS,
111111111111,2025-07-01,2025-08-01,111111111112,acab1841-d1e8-5d64-b16a-a92c53a202d4,2025-07-01T00:00:00,2025-07-02T00:00:00,Usage,AWSLambda,AWS Lambda,us-east-1,function-0fc41a561bc9,Request,Invoke,AWS Lambda usage for Storefront,Requests,519758.9775,0.0,0.103952,0.0,0.103952,0.0,0.0,0.0,0.0,USD,OnDemand,OnDemand,,Storefront,Digital Commerce,prod,CC100,Web Experience,True,False,2025-07-03,VALID,
111111111111,2025-07-01,2025-08-01,111111111112,19237302-179e-5794-b585-28cc4de3c5df,2025-07-01T00:00:00,2025-07-02T00:00:00,Usage,AmazonCloudWatch,Amazon CloudWatch,us-east-1,log-group-5a7aa9a7e18b,DataProcessing-Bytes,PutLogEvents,Amazon CloudWatch usage for Customer Support,GB,15.354549,0.5,7.677275,0.5,7.677275,0.0,0.0,0.0,0.0,USD,OnDemand,OnDemand,,Customer Support,Customer Operations,prod,CC300,Support Engineering,True,False,2025-07-03,VALID,
111111111111,2025-07-01,2025-08-01,111111111112,1a578c08-01b6-5db9-a70d-4fc6506ad679,2025-07-01T00:00:00,2025-07-02T00:00:00,Usage,AmazonCloudWatch,Amazon CloudWatch,us-east-1,log-group-ee3edd497bc2,DataProcessing-Bytes,PutLogEvents,Amazon CloudWatch usage for Storefront,GB,26.730462,0.5,13.365231,0.5,13.365231,0.0,0.0,0.0,0.0,USD,OnDemand,OnDemand,,Storefront,Digital Commerce,prod,CC100,Web Experience,True,False,2025-07-03,VALID,
111111111111,2025-07-01,2025-08-01,111111111112,59d64838-065c-5684-a430-bfa1aca96bdb,2025-07-01T00:00:00,2025-07-02T00:00:00,Usage,AmazonCloudWatch,Amazon CloudWatch,us-east-1,log-group-9a662f2aa48d,DataProcessing-Bytes,PutLogEvents,Amazon CloudWatch usage for Checkout,GB,23.355907,0.5,11.677954,0.5,11.677954,0.0,0.0,0.0,0.0,USD,OnDemand,OnDemand,,Checkout,Digital Commerce,prod,CC100,Commerce Platform,True,False,2025-07-03,VALID,
111111111111,2025-07-01,2025-08-01,111111111112,13f5f6b3-d37b-5ede-ba7f-0d6b4d377a4f,2025-07-01T00:00:00,2025-08-01T00:00:00,SavingsPlanRecurringFee,AmazonEC2,Amazon Elastic Compute Cloud,us-east-1,aws-sp-under,BoxUsage:m6i.large,RunInstances,Monthly SavingsPlan fee for Storefront,Hrs,0.0,0.096,0.0,0.0,38.154049,0.0,0.0,0.0,1.526162,USD,SavingsPlan,Commitment,aws-sp-under,Storefront,Digital Commerce,prod,CC100,Web Experience,True,False,2025-07-03,VALID,
111111111111,2025-07-01,2025-08-01,111111111112,3782be5a-b17f-5ad7-9311-630938a8bdc6,2025-07-01T00:00:00,2025-07-02T00:00:00,SavingsPlanCoveredUsage,AmazonEC2,Amazon Elastic Compute Cloud,us-east-1,i-45683efdab4f,BoxUsage:m6i.large,RunInstances,Amazon Elastic Compute Cloud usage for Checkout,Hrs,25.535792,0.096,2.451436,0.0,0.0,0.0,0.0,1.863091,0.0,USD,SavingsPlan,Commitment,aws-sp-balanced,Checkout,Digital Commerce,prod,CC100,Commerce Platform,True,False,2025-07-03,VALID,
111111111111,2025-07-01,2025-08-01,111111111112,6b4b9a90-d97f-51cd-a0ad-0ef43e9bdefb,2025-07-01T00:00:00,2025-08-01T00:00:00,SavingsPlanRecurringFee,AmazonEC2,Amazon Elastic Compute Cloud,us-east-1,aws-sp-balanced,BoxUsage:m6i.large,RunInstances,Monthly SavingsPlan fee for Checkout,Hrs,0.0,0.096,0.0,0.0,60.226036,0.0,0.0,0.0,4.818083,USD,SavingsPlan,Commitment,aws-sp-balanced,Checkout,Digital Commerce,prod,CC100,Commerce Platform,True,False,2025-07-03,VALID,
111111111111,2025-07-01,2025-08-01,111111111112,76734048-82ae-59e9-ad43-0b05a84a228d,2025-07-01T00:00:00,2025-07-02T00:00:00,Usage,AmazonEC2,Amazon Elastic Compute Cloud,us-east-1,i-45683efdab4f,BoxUsage:m6i.large,RunInstances,Amazon Elastic Compute Cloud usage for Checkout,Hrs,5.605418,0.096,0.53812,0.096,0.53812,0.0,0.0,0.0,0.0,USD,OnDemand,OnDemand,,Checkout,Digital Commerce,prod,CC100,Commerce Platform,True,False,2025-07-03,VALID,
111111111111,2025-07-01,2025-08-01,111111111112,7dab06ff-1b61-56f7-baf2-57ee56f861ee,2025-07-01T00:00:00,2025-07-02T00:00:00,Usage,AmazonEC2,Amazon Elastic Compute Cloud,us-east-1,i-29fc15290ea7,BoxUsage:m6i.large,RunInstances,Amazon Elastic Compute Cloud usage for Storefront,Hrs,19.602339,0.096,1.881825,0.096,1.881825,0.0,0.0,0.0,0.0,USD,OnDemand,OnDemand,,Storefront,Digital Commerce,prod,CC100,Web Experience,True,False,2025-07-03,VALID,
111111111111,2025-07-01,2025-08-01,111111111112,acad3615-afa0-5f0f-bb1c-ec7fa66c209d,2025-07-01T00:00:00,2025-07-02T00:00:00,SavingsPlanCoveredUsage,AmazonEC2,Amazon Elastic Compute Cloud,us-east-1,i-29fc15290ea7,BoxUsage:m6i.large,RunInstances,Amazon Elastic Compute Cloud usage for Storefront,Hrs,16.038277,0.096,1.539675,0.0,0.0,0.0,0.0,1.23174,0.0,USD,SavingsPlan,Commitment,aws-sp-under,Storefront,Digital Commerce,prod,CC100,Web Experience,True,False,2025-07-03,VALID,
111111111111,2025-07-01,2025-08-01,111111111112,296a8f63-2331-58ee-b54e-217501069943,2025-07-01T00:00:00,2025-07-02T00:00:00,Usage,AmazonRDS,Amazon Relational Database Service,us-east-1,db-4a806ed0eed5,InstanceUsage:db.m6g.large,CreateDBInstance,Amazon Relational Database Service usage for Customer Support,Hrs,20.472732,0.152,3.111855,0.152,3.111855,0.0,0.0,0.0,0.0,USD,OnDemand,OnDemand,,,,,,,True,False,2025-07-03,MISSING_TAGS,
111111111111,2025-07-01,2025-08-01,111111111112,6d88a3be-6014-5ad4-9cb3-90e70c82eca1,2025-07-01T00:00:00,2025-07-02T00:00:00,Usage,AmazonRDS,Amazon Relational Database Service,us-east-1,db-dc07d353b4f7,InstanceUsage:db.m6g.large,CreateDBInstance,Amazon Relational Database Service usage for Checkout,Hrs,31.14121,0.152,4.733464,0.152,4.733464,0.0,0.0,0.0,0.0,USD,OnDemand,OnDemand,,Checkout,Digital Commerce,prod,CC100,Commerce Platform,True,False,2025-07-03,VALID,
111111111111,2025-07-01,2025-08-01,111111111112,0cdc2ffb-4465-58de-a91f-ac310649622b,2025-07-01T00:00:00,2025-07-02T00:00:00,Usage,AmazonS3,Amazon Simple Storage Service,us-east-1,bucket-1c5114153f2a,TimedStorage-ByteHrs,StandardStorage,Amazon Simple Storage Service usage for Customer Support,GB-Mo,81.037898,0.023,1.863872,0.023,1.863872,0.0,0.0,0.0,0.0,USD,OnDemand,OnDemand,,Customer Support,Customer Operations,prod,CC300,Support Engineering,True,False,2025-07-03,VALID,
111111111111,2025-07-01,2025-08-01,111111111112,306819b3-3075-5eb3-b5e5-3a268480511f,2025-07-01T00:00:00,2025-07-02T00:00:00,Usage,AmazonS3,Amazon Simple Storage Service,us-east-1,bucket-f45b8c2e4a9c,TimedStorage-ByteHrs,StandardStorage,Amazon Simple Storage Service usage for Checkout,GB-Mo,123.267288,0.023,2.835148,0.023,2.835148,0.0,0.0,0.0,0.0,USD,OnDemand,OnDemand,,Checkout,Digital Commerce,prod,CC100,Commerce Platform,True,False,2025-07-03,VALID,
111111111111,2025-07-01,2025-08-01,111111111112,7215b0dd-3295-5cb1-984d-11253f5d10cb,2025-07-01T00:00:00,2025-07-02T00:00:00,Usage,AmazonS3,Amazon Simple Storage Service,us-east-1,bucket-3281da11cd7a,TimedStorage-ByteHrs,StandardStorage,Amazon Simple Storage Service usage for Storefront,GB-Mo,141.077437,0.023,3.244781,0.023,3.244781,0.0,0.0,0.0,0.0,USD,OnDemand,OnDemand,,Storefront,Digital Commerce,prod,CC100,Web Experience,True,False,2025-07-03,VALID,
111111111111,2025-07-01,2025-08-01,111111111112,2571003f-430b-5f05-ada7-e62ffd6ee083,2025-07-01T00:00:00,2025-07-02T00:00:00,Usage,AmazonVPC,Amazon Virtual Private Cloud,us-east-1,eni-9bf2a99fde14,DataTransfer-Out-Bytes,DataTransfer,Amazon Virtual Private Cloud usage for Checkout,GB,155.706048,0.09,14.013544,0.09,14.013544,0.0,0.0,0.0,0.0,USD,OnDemand,OnDemand,,Checkout,Digital Commerce,prod,CC100,Commerce Platform,True,False,2025-07-03,VALID,
111111111111,2025-07-01,2025-08-01,111111111112,565bb26f-4fff-5d81-9dc8-36cca551e1c4,2025-07-01T00:00:00,2025-07-02T00:00:00,Usage,AmazonVPC,Amazon Virtual Private Cloud,us-east-1,eni-0657e0fb78a2,DataTransfer-Out-Bytes,DataTransfer,Amazon Virtual Private Cloud usage for Storefront,GB,178.203078,0.09,16.038277,0.09,16.038277,0.0,0.0,0.0,0.0,USD,OnDemand,OnDemand,,Storefront,Digital Commerce,prod,CC100,Web Experience,True,False,2025-07-03,VALID,
111111111111,2025-07-01,2025-08-01,111111111113,e0039bb8-5bae-5d5f-8e6f-456c860235b9,2025-07-01T00:00:00,2025-07-02T00:00:00,Usage,AWSLambda,AWS Lambda,us-east-1,function-619d6f3a96ac,Request,Invoke,AWS Lambda usage for Recommendations,Requests,301124.25,0.0,0.060225,0.0,0.060225,0.0,0.0,0.0,0.0,USD,OnDemand,OnDemand,,Recommendations,Digital Commerce,prod,CC100,Personalization,True,False,2025-07-03,VALID,
111111111111,2025-07-01,2025-08-01,111111111113,eed2577f-fe90-55ea-aaa2-f3def312a4c4,2025-07-01T00:00:00,2025-07-02T00:00:00,Usage,AmazonBedrock,AWS Bedrock,us-east-1,model-99ac269987a7,ModelInference,InvokeModel,AWS Bedrock usage for Recommendations,Requests,7313.0175,0.0004,2.925207,0.0004,2.925207,0.0,0.0,0.0,0.0,USD,OnDemand,OnDemand,,Recommendations,Digital Commerce,prod,CC100,Personalization,True,False,2025-07-03,VALID,
111111111111,2025-07-01,2025-08-01,111111111113,68a2c881-2cfa-506d-951c-ae20e6b1dbf6,2025-07-01T00:00:00,2025-07-02T00:00:00,Usage,AmazonCloudWatch,Amazon CloudWatch,us-east-1,log-group-5f459921e0fc,DataProcessing-Bytes,PutLogEvents,Amazon CloudWatch usage for Recommendations,GB,15.48639,0.5,7.743195,0.5,7.743195,0.0,0.0,0.0,0.0,USD,OnDemand,OnDemand,,Recommendations,Digital Commerce,prod,CC100,Personalization,True,False,2025-07-03,VALID,
111111111111,2025-07-01,2025-08-01,111111111113,b96c0501-1ccd-545f-9ed5-46cdba1f10b9,2025-07-01T00:00:00,2025-07-02T00:00:00,Usage,AmazonCloudWatch,Amazon CloudWatch,us-east-1,log-group-5cf59aef3258,DataProcessing-Bytes,PutLogEvents,Amazon CloudWatch usage for Analytics Platform,GB,23.169287,0.5,11.584643,0.5,11.584643,0.0,0.0,0.0,0.0,USD,OnDemand,OnDemand,,Analytics Platform,Data and Analytics,prod,CC200,Data Platform,True,False,2025-07-03,VALID,
111111111111,2025-07-01,2025-08-01,111111111113,e8aaeb0e-3c02-5499-8db1-061b792cc775,2025-07-01T00:00:00,2025-07-02T00:00:00,Usage,AmazonEC2,Amazon Elastic Compute Cloud,us-east-1,i-f903009dcf43,BoxUsage:m6i.large,RunInstances,Amazon Elastic Compute Cloud usage for Analytics Platform,Hrs,30.892382,0.096,2.965669,0.096,2.965669,0.0,0.0,0.0,0.0,USD,OnDemand,OnDemand,,Analytics Platform,Data and Analytics,prod,CC200,Data Platform,True,False,2025-07-03,VALID,
111111111111,2025-07-01,2025-08-01,111111111113,1128ef18-7758-575e-b977-0272ee0b6b62,2025-07-01T00:00:00,2025-07-02T00:00:00,Usage,AmazonRDS,Amazon Relational Database Service,us-east-1,db-9d38ecd4008f,InstanceUsage:db.m6g.large,CreateDBInstance,Amazon Relational Database Service usage for Analytics Platform,Hrs,1.544619,0.152,0.234782,0.152,0.234782,0.0,0.0,0.0,0.0,USD,OnDemand,OnDemand,,Analytics Platform,Data and Analytics,prod,CC200,Data Platform,True,False,2025-07-03,VALID,
111111111111,2025-07-01,2025-08-01,111111111113,5a3b1144-40a4-55c0-9743-7897f6cf0b11,2025-07-01T00:00:00,2025-08-01T00:00:00,RIFee,AmazonRDS,Amazon Relational Database Service,us-east-1,aws-ri-over,InstanceUsage:db.m6g.large,CreateDBInstance,Monthly ReservedInstance fee for Analytics Platform,Hrs,0.0,0.152,0.0,0.0,121.488913,0.0,38.876452,0.0,0.0,USD,ReservedInstance,Commitment,aws-ri-over,Analytics Platform,Data and Analytics,prod,CC200,Data Platform,True,False,2025-07-03,VALID,
111111111111,2025-07-01,2025-08-01,111111111113,99fe72ba-c9a3-5991-b8ca-3e2d100b2d29,2025-07-01T00:00:00,2025-07-02T00:00:00,DiscountedUsage,AmazonRDS,Amazon Relational Database Service,us-east-1,db-9d38ecd4008f,InstanceUsage:db.m6g.large,CreateDBInstance,Amazon Relational Database Service usage for Analytics Platform,Hrs,29.347763,0.152,4.46086,0.0,0.0,3.077993,0.0,0.0,0.0,USD,ReservedInstance,Commitment,aws-ri-over,Analytics Platform,Data and Analytics,prod,CC200,Data Platform,True,False,2025-07-03,VALID,
111111111111,2025-07-01,2025-08-01,111111111113,a792b395-d9c6-557c-8e60-12d16b93860e,2025-07-01T00:00:00,2025-07-02T00:00:00,Usage,AmazonS3,Amazon Simple Storage Service,us-east-1,bucket-49029d0c758e,TimedStorage-ByteHrs,StandardStorage,Amazon Simple Storage Service usage for Recommendations,GB-Mo,81.733725,0.023,1.879876,0.023,1.879876,0.0,0.0,0.0,0.0,USD,OnDemand,OnDemand,,Recommendations,Digital Commerce,prod,CC100,Personalization,True,False,2025-07-03,VALID,
111111111111,2025-07-01,2025-08-01,111111111113,ec9e8b32-6fc7-5223-8381-a53c1e085ddf,2025-07-01T00:00:00,2025-07-02T00:00:00,Usage,AmazonS3,Amazon Simple Storage Service,us-east-1,bucket-8d85f4f44b9b,TimedStorage-ByteHrs,StandardStorage,Amazon Simple Storage Service usage for Analytics Platform,GB-Mo,122.282347,0.023,2.812494,0.023,2.812494,0.0,0.0,0.0,0.0,USD,OnDemand,OnDemand,,Analytics Platform,Data and Analytics,prod,CC200,Data Platform,True,False,2025-07-03,VALID,
111111111111,2025-07-01,2025-08-01,111111111113,828a3e98-6138-5929-87d0-5853bf316f30,2025-07-01T00:00:00,2025-07-02T00:00:00,Usage,AmazonVPC,Amazon Virtual Private Cloud,us-east-1,eni-9830b6147fd5,DataTransfer-Out-Bytes,DataTransfer,Amazon Virtual Private Cloud usage for Analytics Platform,GB,154.461912,0.09,13.901572,0.09,13.901572,0.0,0.0,0.0,0.0,USD,OnDemand,OnDemand,,,,,,,True,False,2025-07-03,MISSING_TAGS,
111111111111,2025-07-01,2025-08-01,111111111114,c6f791e6-a7bb-5f3d-8ab0-9824e2b733be,2025-07-01T00:00:00,2025-07-02T00:00:00,Fee,AWSMarketplace,AWS Marketplace,us-east-1,marketplace-product-5befc43bef35,SubscriptionFee,Purchase,AWS Marketplace usage for Shared Platform,Units,1.0,2500.0,0.0,2500.0,2500.0,0.0,0.0,0.0,0.0,USD,Subscription,Marketplace,,Shared Platform,Shared Technology,prod,CC900,Cloud Platform,True,False,2025-07-03,VALID,
111111111111,2025-07-01,2025-08-01,111111111114,f4481692-9afb-54ec-8cf6-e47d86b1e60e,2025-07-01T00:00:00,2025-07-02T00:00:00,Usage,AmazonCloudWatch,Amazon CloudWatch,us-east-1,log-group-db6ed53c81be,DataProcessing-Bytes,PutLogEvents,Amazon CloudWatch usage for Shared Platform,GB,21.179934,0.5,10.589967,0.5,10.589967,0.0,0.0,0.0,0.0,USD,OnDemand,OnDemand,,Shared Platform,Shared Technology,prod,CC900,Cloud Platform,True,False,2025-07-03,VALID,
111111111111,2025-07-01,2025-08-01,111111111114,cdfee636-9c93-51a2-a2ef-de25c1992822,2025-07-01T00:00:00,2025-07-02T00:00:00,Usage,AmazonEC2,Amazon Elastic Compute Cloud,us-east-1,i-834e202a955d,BoxUsage:m6i.large,RunInstances,Amazon Elastic Compute Cloud usage for Shared Platform,Hrs,28.239912,0.096,2.711032,0.096,2.711032,0.0,0.0,0.0,0.0,USD,OnDemand,OnDemand,,Shared Platform,Shared Technology,prod,CC900,Cloud Platform,True,False,2025-07-03,VALID,
111111111111,2025-07-01,2025-08-01,111111111114,2186821f-bdc8-5208-af88-f71dddd17861,2025-07-01T00:00:00,2025-07-02T00:00:00,Usage,AmazonS3,Amazon Simple Storage Service,us-east-1,bucket-28a564fdf6ef,TimedStorage-ByteHrs,StandardStorage,Amazon Simple Storage Service usage for Shared Platform,GB-Mo,111.782985,0.023,2.571009,0.023,2.571009,0.0,0.0,0.0,0.0,USD,OnDemand,OnDemand,,Shared Platform,Shared Technology,prod,CC900,Cloud Platform,True,False,2025-07-03,VALID,
111111111111,2025-07-01,2025-08-01,111111111114,ebf01b53-cc35-5b10-b779-9b18de5210a0,2025-07-01T00:00:00,2025-07-02T00:00:00,Usage,AmazonVPC,Amazon Virtual Private Cloud,us-east-1,eni-75dc99cf5711,DataTransfer-Out-Bytes,DataTransfer,Amazon Virtual Private Cloud usage for Shared Platform,GB,141.19956,0.09,12.70796,0.09,12.70796,0.0,0.0,0.0,0.0,USD,OnDemand,OnDemand,,Shared Platform,Shared Technology,prod,CC900,Cloud Platform,True,False,2025-07-03,VALID,
111111111111,2025-07-01,2025-08-01,111111111115,083556bb-9862-52e6-bf94-45efcf0f56e5,2025-07-01T00:00:00,2025-07-02T00:00:00,Usage,AWSLambda,AWS Lambda,us-east-1,function-8de807ab9562,Request,Invoke,AWS Lambda usage for Storefront,Requests,126811.965,0.0,0.025362,0.0,0.025362,0.0,0.0,0.0,0.0,USD,OnDemand,OnDemand,,Storefront,Digital Commerce,nonprod,CC100,Web Experience,True,False,2025-07-03,VALID,
111111111111,2025-07-01,2025-08-01,111111111115,171975f1-abe7-5db9-84ee-d7574aae49cb,2025-07-01T00:00:00,2025-07-02T00:00:00,Usage,AWSLambda,AWS Lambda,us-east-1,function-783020bf17f1,Request,Invoke,AWS Lambda usage for Checkout,Requests,122038.028,0.0,0.024408,0.0,0.024408,0.0,0.0,0.0,0.0,USD,OnDemand,OnDemand,,Checkout,Digital Commerce,nonprod,CC100,Commerce Platform,True,False,2025-07-03,VALID,
111111111111,2025-07-01,2025-08-01,111111111115,a9953177-5951-587c-b1e8-b636e3f3bed0,2025-07-01T00:00:00,2025-07-02T00:00:00,Usage,AWSLambda,AWS Lambda,us-east-1,function-65d5e2b9d3f5,Request,Invoke,AWS Lambda usage for Customer Support,Requests,62747.622,0.0,0.01255,0.0,0.01255,0.0,0.0,0.0,0.0,USD,OnDemand,OnDemand,,Customer Support,Customer Operations,nonprod,CC300,Support Engineering,True,False,2025-07-03,VALID,
111111111111,2025-07-01,2025-08-01,111111111115,244f59be-f955-55a2-a8f3-84ff299b5f82,2025-07-01T00:00:00,2025-07-02T00:00:00,Usage,AmazonCloudWatch,Amazon CloudWatch,us-east-1,log-group-f03c816a9583,DataProcessing-Bytes,PutLogEvents,Amazon CloudWatch usage for Checkout,GB,6.276241,0.5,3.138121,0.5,3.138121,0.0,0.0,0.0,0.0,USD,OnDemand,OnDemand,,Checkout,Digital Commerce,nonprod,CC100,Commerce Platform,True,False,2025-07-03,VALID,
111111111111,2025-07-01,2025-08-01,111111111115,5ab3c8e7-bfae-5fec-81a2-3fff85341c68,2025-07-01T00:00:00,2025-07-02T00:00:00,Usage,AmazonCloudWatch,Amazon CloudWatch,us-east-1,log-group-02b805c96a25,DataProcessing-Bytes,PutLogEvents,Amazon CloudWatch usage for Storefront,GB,6.521758,0.5,3.260879,0.5,3.260879,0.0,0.0,0.0,0.0,USD,OnDemand,OnDemand,,Storefront,Digital Commerce,nonprod,CC100,Web Experience,True,False,2025-07-03,VALID,
111111111111,2025-07-01,2025-08-01,111111111115,6d02ce9f-6fa2-5088-af1c-e3182b364966,2025-07-01T00:00:00,2025-07-02T00:00:00,Usage,AmazonCloudWatch,Amazon CloudWatch,us-east-1,log-group-18b623e0354b,DataProcessing-Bytes,PutLogEvents,Amazon CloudWatch usage for Analytics Platform,GB,5.086161,0.5,2.54308,0.5,2.54308,0.0,0.0,0.0,0.0,USD,OnDemand,OnDemand,,Analytics Platform,Data and Analytics,nonprod,CC200,Data Platform,True,True,2025-07-06,VALID,
111111111111,2025-07-01,2025-08-01,111111111115,9b545d9b-0abd-5691-96ef-1e9ff7dbb775,2025-07-01T00:00:00,2025-07-02T00:00:00,Usage,AmazonCloudWatch,Amazon CloudWatch,us-east-1,log-group-69e4c5216945,DataProcessing-Bytes,PutLogEvents,Amazon CloudWatch usage for Customer Support,GB,3.227021,0.5,1.61351,0.5,1.61351,0.0,0.0,0.0,0.0,USD,OnDemand,OnDemand,,Customer Support,Customer Operations,nonprod,CC300,Support Engineering,True,False,2025-07-03,VALID,
111111111111,2025-07-01,2025-08-01,111111111115,c2f27bda-b4b4-5877-94e8-b268fd3454f2,2025-07-01T00:00:00,2025-07-02T00:00:00,Usage,AmazonCloudWatch,Amazon CloudWatch,us-east-1,log-group-1e0feb326219,DataProcessing-Bytes,PutLogEvents,Amazon CloudWatch usage for Shared Platform,GB,4.900698,0.5,2.450349,0.5,2.450349,0.0,0.0,0.0,0.0,USD,OnDemand,OnDemand,,Shared Platform,Shared Technology,nonprod,CC900,Cloud Platform,True,False,2025-07-03,VALID,
111111111111,2025-07-01,2025-08-01,111111111115,9d06551e-533c-5d99-829f-b76d704e484f,2025-07-01T00:00:00,2025-07-02T00:00:00,Usage,AmazonEC2,Amazon Elastic Compute Cloud,us-east-1,i-c7864699a67c,BoxUsage:m6i.large,RunInstances,Amazon Elastic Compute Cloud usage for Analytics Platform,Hrs,6.781548,0.096,0.651029,0.096,0.651029,0.0,0.0,0.0,0.0,USD,OnDemand,OnDemand,,Analytics Platform,Data and Analytics,nonprod,CC200,Data Platform,True,False,2025-07-03,VALID,
111111111111,2025-07-01,2025-08-01,111111111115,e3946fe3-e3c8-59dc-a315-fc9dd651c2da,2025-07-01T00:00:00,2025-07-02T00:00:00,Usage,AmazonEC2,Amazon Elastic Compute Cloud,us-east-1,i-fc96166ee2dc,BoxUsage:m6i.large,RunInstances,Amazon Elastic Compute Cloud usage for Storefront,Hrs,8.695678,0.096,0.834785,0.096,0.834785,0.0,0.0,0.0,0.0,USD,OnDemand,OnDemand,,Storefront,Digital Commerce,nonprod,CC100,Web Experience,True,False,2025-07-03,VALID,
111111111111,2025-07-01,2025-08-01,111111111115,f12cbfb6-9366-5b35-a479-6bf59eccb597,2025-07-01T00:00:00,2025-07-02T00:00:00,Usage,AmazonEC2,Amazon Elastic Compute Cloud,us-east-1,i-114cf0f55fe5,BoxUsage:m6i.large,RunInstances,Amazon Elastic Compute Cloud usage for Checkout,Hrs,8.368322,0.096,0.803359,0.096,0.803359,0.0,0.0,0.0,0.0,USD,OnDemand,OnDemand,,Checkout,Digital Commerce,nonprod,CC100,Commerce Platform,True,False,2025-07-03,VALID,
111111111111,2025-07-01,2025-08-01,111111111115,f6e6c2fc-458c-54fd-9b97-acd8ab72c210,2025-07-01T00:00:00,2025-07-02T00:00:00,Usage,AmazonEC2,Amazon Elastic Compute Cloud,us-east-1,i-5d8c91750735,BoxUsage:m6i.large,RunInstances,Amazon Elastic Compute Cloud usage for Shared Platform,Hrs,6.534264,0.096,0.627289,0.096,0.627289,0.0,0.0,0.0,0.0,USD,OnDemand,OnDemand,,Shared Platform,Shared Technology,nonprod,CC900,Cloud Platform,True,False,2025-07-03,VALID,
111111111111,2025-07-01,2025-08-01,111111111115,57fb619d-42b0-5c6a-baa3-cd126bf40787,2025-07-01T00:00:00,2025-07-02T00:00:00,Usage,AmazonRDS,Amazon Relational Database Service,us-east-1,db-f50cbd473b4b,InstanceUsage:db.m6g.large,CreateDBInstance,Amazon Relational Database Service usage for Customer Support,Hrs,4.302694,0.152,0.65401,0.152,0.65401,0.0,0.0,0.0,0.0,USD,OnDemand,OnDemand,,Customer Support,Customer Operations,nonprod,CC300,Support Engineering,True,False,2025-07-03,VALID,
111111111111,2025-07-01,2025-08-01,111111111115,6e77e83d-b60f-5cf5-9005-84b6bd9e337b,2025-07-01T00:00:00,2025-07-02T00:00:00,Usage,AmazonRDS,Amazon Relational Database Service,us-east-1,db-8ee4e91492b5,InstanceUsage:db.m6g.large,CreateDBInstance,Amazon Relational Database Service usage for Checkout,Hrs,8.368322,0.152,1.271985,0.152,1.271985,0.0,0.0,0.0,0.0,USD,OnDemand,OnDemand,,Checkout,Digital Commerce,nonprod,CC100,Commerce Platform,True,False,2025-07-03,VALID,
111111111111,2025-07-01,2025-08-01,111111111115,7bff687e-24a3-516b-ba0d-1fdcf5a8e7d3,2025-07-01T00:00:00,2025-07-02T00:00:00,Usage,AmazonRDS,Amazon Relational Database Service,us-east-1,db-728c0f2e3bf4,InstanceUsage:db.m6g.large,CreateDBInstance,Amazon Relational Database Service usage for Analytics Platform,Hrs,6.781548,0.152,1.030795,0.152,1.030795,0.0,0.0,0.0,0.0,USD,OnDemand,OnDemand,,Analytics Platform,Data and Analytics,nonprod,CC200,Data Platform,True,False,2025-07-03,VALID,
111111111111,2025-07-01,2025-08-01,111111111115,292ddb27-5cda-56d1-b024-cbbb3e9ba74a,2025-07-01T00:00:00,2025-07-02T00:00:00,Usage,AmazonS3,Amazon Simple Storage Service,us-east-1,bucket-d68f88034d96,TimedStorage-ByteHrs,StandardStorage,Amazon Simple Storage Service usage for Customer Support,GB-Mo,17.031497,0.023,0.391724,0.023,0.391724,0.0,0.0,0.0,0.0,USD,OnDemand,OnDemand,,Customer Support,Customer Operations,nonprod,CC300,Support Engineering,True,False,2025-07-03,VALID,
111111111111,2025-07-01,2025-08-01,111111111115,3d62b56f-a3d5-5fd8-a881-e68a8bb9cbeb,2025-07-01T00:00:00,2025-07-02T00:00:00,Usage,AmazonS3,Amazon Simple Storage Service,us-east-1,bucket-6567250fe144,TimedStorage-ByteHrs,StandardStorage,Amazon Simple Storage Service usage for Checkout,GB-Mo,33.124608,0.023,0.761866,0.023,0.761866,0.0,0.0,0.0,0.0,USD,OnDemand,OnDemand,,Checkout,Digital Commerce,nonprod,CC100,Commerce Platform,True,False,2025-07-03,VALID,
111111111111,2025-07-01,2025-08-01,111111111115,85ec1d12-437a-5fc9-9fc9-a151a2903a7d,2025-07-01T00:00:00,2025-07-02T00:00:00,Usage,AmazonS3,Amazon Simple Storage Service,us-east-1,bucket-64c4783b72e9,TimedStorage-ByteHrs,StandardStorage,Amazon Simple Storage Service usage for Shared Platform,GB-Mo,25.864795,0.023,0.59489,0.023,0.59489,0.0,0.0,0.0,0.0,USD,OnDemand,OnDemand,,Shared Platform,Shared Technology,nonprod,CC900,Cloud Platform,True,False,2025-07-03,VALID,
111111111111,2025-07-01,2025-08-01,111111111115,8e85a290-99fa-5615-ab64-cabe4362e5ec,2025-07-01T00:00:00,2025-07-02T00:00:00,Usage,AmazonS3,Amazon Simple Storage Service,us-east-1,bucket-7167eee93ac1,TimedStorage-ByteHrs,StandardStorage,Amazon Simple Storage Service usage for Analytics Platform,GB-Mo,26.843628,0.023,0.617403,0.023,0.617403,0.0,0.0,0.0,0.0,USD,OnDemand,OnDemand,,Analytics Platform,Data and Analytics,nonprod,CC200,Data Platform,True,False,2025-07-03,VALID,
111111111111,2025-07-01,2025-08-01,111111111115,9ac0df4f-a26f-5dd2-889c-e4a6fa756fc8,2025-07-01T00:00:00,2025-07-02T00:00:00,Usage,AmazonS3,Amazon Simple Storage Service,us-east-1,bucket-3335a111162f,TimedStorage-ByteHrs,StandardStorage,Amazon Simple Storage Service usage for Storefront,GB-Mo,34.42039,0.023,0.791669,0.023,0.791669,0.0,0.0,0.0,0.0,USD,OnDemand,OnDemand,,Storefront,Digital Commerce,nonprod,CC100,Web Experience,True,False,2025-07-03,VALID,
111111111111,2025-07-01,2025-08-01,111111111112,92549751-7381-56cf-9fed-f6bb64b8dce2,2025-07-02T00:00:00,2025-07-03T00:00:00,Usage,AWSLambda,AWS Lambda,us-east-1,function-3c4ae084197e,Request,Invoke,AWS Lambda usage for Checkout,Requests,386467.2,0.0,0.077293,0.0,0.077293,0.0,0.0,0.0,0.0,USD,OnDemand,OnDemand,,Checkout,Digital Commerce,prod,CC100,Commerce Platform,True,False,2025-07-04,VALID,
111111111111,2025-07-01,2025-08-01,111111111112,94ac2d4b-4983-5847-9408-b78075f07191,2025-07-02T00:00:00,2025-07-03T00:00:00,Usage,AWSLambda,AWS Lambda,us-east-1,function-209a31e43cd4,Request,Invoke,AWS Lambda usage for Customer Support,Requests,244719.5625,0.0,0.048944,0.0,0.048944,0.0,0.0,0.0,0.0,USD,OnDemand,OnDemand,,Customer Support,Customer Operations,prod,CC300,Support Engineering,True,False,2025-07-04,VALID,
111111111111,2025-07-01,2025-08-01,111111111112,b03c4abf-2328-5a35-8879-e1d6dcfc5151,2025-07-02T00:00:00,2025-07-03T00:00:00,Usage,AWSLambda,AWS Lambda,us-east-1,function-0fc41a561bc9,Request,Invoke,AWS Lambda usage for Storefront,Requests,496022.4675,0.0,0.099204,0.0,0.099204,0.0,0.0,0.0,0.0,USD,OnDemand,OnDemand,,,,,,,True,False,2025-07-04,MISSING_TAGS,
111111111111,2025-07-01,2025-08-01,111111111112,160f063a-2a5c-58d3-8d43-b78f6869d01e,2025-07-02T00:00:00,2025-07-03T00:00:00,Usage,AmazonCloudWatch,Amazon CloudWatch,us-east-1,log-group-ee3edd497bc2,DataProcessing-Bytes,PutLogEvents,Amazon CloudWatch usage for Storefront,GB,25.509727,0.5,12.754863,0.5,12.754863,0.0,0.0,0.0,0.0,USD,OnDemand,OnDemand,,Storefront,Digital Commerce,prod,CC100,Web Experience,True,False,2025-07-04,VALID,
111111111111,2025-07-01,2025-08-01,111111111112,d02d29c8-5997-55e9-b99c-411ade77a851,2025-07-02T00:00:00,2025-07-03T00:00:00,Usage,AmazonCloudWatch,Amazon CloudWatch,us-east-1,log-group-5a7aa9a7e18b,DataProcessing-Bytes,PutLogEvents,Amazon CloudWatch usage for Customer Support,GB,12.585577,0.5,6.292789,0.5,6.292789,0.0,0.0,0.0,0.0,USD,OnDemand,OnDemand,,Customer Support,Customer Operations,prod,CC300,Support Engineering,True,False,2025-07-04,VALID,
111111111111,2025-07-01,2025-08-01,111111111112,e02be26a-8f3c-51d6-9225-65964e792bd9,2025-07-02T00:00:00,2025-07-03T00:00:00,Usage,AmazonCloudWatch,Amazon CloudWatch,us-east-1,log-group-9a662f2aa48d,DataProcessing-Bytes,PutLogEvents,Amazon CloudWatch usage for Checkout,GB,19.875456,0.5,9.937728,0.5,9.937728,0.0,0.0,0.0,0.0,USD,OnDemand,OnDemand,,Checkout,Digital Commerce,prod,CC100,Commerce Platform,True,False,2025-07-04,VALID,
111111111111,2025-07-01,2025-08-01,111111111112,2aa67271-691d-5051-adf2-e130c185c3ca,2025-07-02T00:00:00,2025-07-03T00:00:00,Usage,AmazonEC2,Amazon Elastic Compute Cloud,us-east-1,i-29fc15290ea7,BoxUsage:m6i.large,RunInstances,Amazon Elastic Compute Cloud usage for Storefront,Hrs,18.707133,0.096,1.795885,0.096,1.795885,0.0,0.0,0.0,0.0,USD,OnDemand,OnDemand,,Storefront,Digital Commerce,prod,CC100,Web Experience,True,False,2025-07-04,VALID,
111111111111,2025-07-01,2025-08-01,111111111112,7bbe12f8-9868-54bf-bdaf-7f4094caa364,2025-07-02T00:00:00,2025-07-03T00:00:00,SavingsPlanCoveredUsage,AmazonEC2,Amazon Elastic Compute Cloud,us-east-1,i-29fc15290ea7,BoxUsage:m6i.large,RunInstances,Amazon Elastic Compute Cloud usage for Storefront,Hrs,15.305836,0.096,1.46936,0.0,0.0,0.0,0.0,1.175488,0.0,USD,SavingsPlan,Commitment,aws-sp-under,Storefront,Digital Commerce,prod,CC100,Web Experience,True,False,2025-07-04,VALID,
111111111111,2025-07-01,2025-08-01,111111111112,d0a2f40b-77ef-5f6d-bc3b-52b844044657,2025-07-02T00:00:00,2025-07-03T00:00:00,Usage,AmazonEC2,Amazon Elastic Compute Cloud,us-east-1,i-45683efdab4f,BoxUsage:m6i.large,RunInstances,Amazon Elastic Compute Cloud usage for Checkout,Hrs,4.770109,0.096,0.457931,0.096,0.457931,0.0,0.0,0.0,0.0,USD,OnDemand,OnDemand,,Checkout,Digital Commerce,prod,CC100,Commerce Platform,True,False,2025-07-04,VALID,
111111111111,2025-07-01,2025-08-01,111111111112,dda82cd6-196a-5513-9252-0edd9e3c25a4,2025-07-02T00:00:00,2025-07-03T00:00:00,SavingsPlanCoveredUsage,AmazonEC2,Amazon Elastic Compute Cloud,us-east-1,i-45683efdab4f,BoxUsage:m6i.large,RunInstances,Amazon Elastic Compute Cloud usage for Checkout,Hrs,21.730499,0.096,2.086128,0.0,0.0,0.0,0.0,1.585457,0.0,USD,SavingsPlan,Commitment,aws-sp-balanced,Checkout,Digital Commerce,prod,CC100,Commerce Platform,True,False,2025-07-04,VALID,
111111111111,2025-07-01,2025-08-01,111111111112,8e98e6aa-44b3-56ec-b8d5-87ec01eb9423,2025-07-02T00:00:00,2025-07-03T00:00:00,Usage,AmazonRDS,Amazon Relational Database Service,us-east-1,db-4a806ed0eed5,InstanceUsage:db.m6g.large,CreateDBInstance,Amazon Relational Database Service usage for Customer Support,Hrs,16.78077,0.152,2.550677,0.152,2.550677,0.0,0.0,0.0,0.0,USD,OnDemand,OnDemand,,Customer Support,Customer Operations,prod,CC300,Support Engineering,True,False,2025-07-04,VALID,
111111111111,2025-07-01,2025-08-01,111111111112,eaf0a0f0-ce7a-5e77-a864-7df46ada4756,2025-07-02T00:00:00,2025-07-03T00:00:00,Usage,AmazonRDS,Amazon Relational Database Service,us-east-1,db-dc07d353b4f7,InstanceUsage:db.m6g.large,CreateDBInstance,Amazon Relational Database Service usage for Checkout,Hrs,26.500608,0.152,4.028092,0.152,4.028092,0.0,0.0,0.0,0.0,USD,OnDemand,OnDemand,,Checkout,Digital Commerce,prod,CC100,Commerce Platform,True,False,2025-07-04,VALID,
111111111111,2025-07-01,2025-08-01,111111111112,0b99ecb9-2adf-559e-91a5-3e434560e231,2025-07-02T00:00:00,2025-07-03T00:00:00,Usage,AmazonS3,Amazon Simple Storage Service,us-east-1,bucket-f45b8c2e4a9c,TimedStorage-ByteHrs,StandardStorage,Amazon Simple Storage Service usage for Checkout,GB-Mo,104.89824,0.023,2.41266,0.023,2.41266,0.0,0.0,0.0,0.0,USD,OnDemand,OnDemand,,,,,,,True,False,2025-07-04,MISSING_TAGS,
111111111111,2025-07-01,2025-08-01,111111111112,0ff0e2c4-8492-5b0e-bc85-926d965fa095,2025-07-02T00:00:00,2025-07-03T00:00:00,Usage,AmazonS3,Amazon Simple Storage Service,us-east-1,bucket-1c5114153f2a,TimedStorage-ByteHrs,StandardStorage,Amazon Simple Storage Service usage for Customer Support,GB-Mo,66.423881,0.023,1.527749,0.023,1.527749,0.0,0.0,0.0,0.0,USD,OnDemand,OnDemand,,Customer Support,Customer Operations,prod,CC300,Support Engineering,True,False,2025-07-04,VALID,
111111111111,2025-07-01,2025-08-01,111111111112,120b924c-e55e-5402-b82f-4c646f01dbed,2025-07-02T00:00:00,2025-07-03T00:00:00,Usage,AmazonS3,Amazon Simple Storage Service,us-east-1,bucket-3281da11cd7a,TimedStorage-ByteHrs,StandardStorage,Amazon Simple Storage Service usage for Storefront,GB-Mo,134.63467,0.023,3.096597,0.023,3.096597,0.0,0.0,0.0,0.0,USD,OnDemand,OnDemand,,Storefront,Digital Commerce,prod,CC100,Web Experience,True,False,2025-07-04,VALID,
111111111111,2025-07-01,2025-08-01,111111111112,59612886-094c-57bb-bae6-7c2d66fa99cd,2025-07-02T00:00:00,2025-07-03T00:00:00,Usage,AmazonVPC,Amazon Virtual Private Cloud,us-east-1,eni-9bf2a99fde14,DataTransfer-Out-Bytes,DataTransfer,Amazon Virtual Private Cloud usage for Checkout,GB,132.50304,0.09,11.925274,0.09,11.925274,0.0,0.0,0.0,0.0,USD,OnDemand,OnDemand,,Checkout,Digital Commerce,prod,CC100,Commerce Platform,True,False,2025-07-04,VALID,
111111111111,2025-07-01,2025-08-01,111111111112,6b3d995f-f40a-5ba0-bc8f-3171f6de4d38,2025-07-02T00:00:00,2025-07-03T00:00:00,Usage,AmazonVPC,Amazon Virtual Private Cloud,us-east-1,eni-0657e0fb78a2,DataTransfer-Out-Bytes,DataTransfer,Amazon Virtual Private Cloud usage for Storefront,GB,170.064846,0.09,15.305836,0.09,15.305836,0.0,0.0,0.0,0.0,USD,OnDemand,OnDemand,,,,,,,True,False,2025-07-04,MISSING_TAGS,
111111111111,2025-07-01,2025-08-01,111111111113,c933df12-dc32-5f09-840d-e1bf40099379,2025-07-02T00:00:00,2025-07-03T00:00:00,Usage,AWSLambda,AWS Lambda,us-east-1,function-619d6f3a96ac,Request,Invoke,AWS Lambda usage for Recommendations,Requests,337335.39,0.0,0.067467,0.0,0.067467,0.0,0.0,0.0,0.0,USD,OnDemand,OnDemand,,,,,,,True,False,2025-07-04,MISSING_TAGS,
111111111111,2025-07-01,2025-08-01,111111111113,9da27a0b-0d88-5463-b35b-0279bd144646,2025-07-02T00:00:00,2025-07-03T00:00:00,Usage,AmazonBedrock,AWS Bedrock,us-east-1,model-99ac269987a7,ModelInference,InvokeModel,AWS Bedrock usage for Recommendations,Requests,8192.4309,0.0004,3.276972,0.0004,3.276972,0.0,0.0,0.0,0.0,USD,OnDemand,OnDemand,,Recommendations,Digital Commerce,prod,CC100,Personalization,True,False,2025-07-04,VALID,
111111111111,2025-07-01,2025-08-01,111111111113,44c1c0b3-c595-51a8-a0fb-b8df3bd95846,2025-07-02T00:00:00,2025-07-03T00:00:00,Usage,AmazonCloudWatch,Amazon CloudWatch,us-east-1,log-group-5f459921e0fc,DataProcessing-Bytes,PutLogEvents,Amazon CloudWatch usage for Recommendations,GB,17.348677,0.5,8.674339,0.5,8.674339,0.0,0.0,0.0,0.0,USD,OnDemand,OnDemand,,Recommendations,Digital Commerce,prod,CC100,Personalization,True,False,2025-07-04,VALID,
111111111111,2025-07-01,2025-08-01,111111111113,bff3e453-4aed-5c70-92f3-44ad1a19f7e0,2025-07-02T00:00:00,2025-07-03T00:00:00,Usage,AmazonCloudWatch,Amazon CloudWatch,us-east-1,log-group-5cf59aef3258,DataProcessing-Bytes,PutLogEvents,Amazon CloudWatch usage for Analytics Platform,GB,18.92187,0.5,9.460935,0.5,9.460935,0.0,0.0,0.0,0.0,USD,OnDemand,OnDemand,,,,,,,True,False,2025-07-04,MISSING_TAGS,
111111111111,2025-07-01,2025-08-01,111111111113,cf06853c-ce87-589b-9a85-71340e6a9ac2,2025-07-02T00:00:00,2025-07-03T00:00:00,Usage,AmazonEC2,Amazon Elastic Compute Cloud,us-east-1,i-f903009dcf43,BoxUsage:m6i.large,RunInstances,Amazon Elastic Compute Cloud usage for Analytics Platform,Hrs,25.22916,0.096,2.421999,0.096,2.421999,0.0,0.0,0.0,0.0,USD,OnDemand,OnDemand,,Analytics Platform,Data and Analytics,prod,CC200,Data Platform,True,False,2025-07-04,VALID,
111111111111,2025-07-01,2025-08-01,111111111113,0785278f-3418-588f-a3da-6ddf37bfcae3,2025-07-02T00:00:00,2025-07-03T00:00:00,DiscountedUsage,AmazonRDS,Amazon Relational Database Service,us-east-1,db-9d38ecd4008f,InstanceUsage:db.m6g.large,CreateDBInstance,Amazon Relational Database Service usage for Analytics Platform,Hrs,23.967702,0.152,3.643091,0.0,0.0,2.513733,0.0,0.0,0.0,USD,ReservedInstance,Commitment,aws-ri-over,Analytics Platform,Data and Analytics,prod,CC200,Data Platform,True,False,2025-07-04,VALID,
111111111111,2025-07-01,2025-08-01,111111111113,6c35451a-a37a-5431-8759-463ffd49ec79,2025-07-02T00:00:00,2025-07-03T00:00:00,Usage,AmazonRDS,Amazon Relational Database Service,us-east-1,db-9d38ecd4008f,InstanceUsage:db.m6g.large,CreateDBInstance,Amazon Relational Database Service usage for Analytics Platform,Hrs,1.261458,0.152,0.191742,0.152,0.191742,0.0,0.0,0.0,0.0,USD,OnDemand,OnDemand,,Analytics Platform,Data and Analytics,prod,CC200,Data Platform,True,False,2025-07-04,VALID,
111111111111,2025-07-01,2025-08-01,111111111113,8c1b5992-6de0-5b3d-a213-845767bf5bad,2025-07-02T00:00:00,2025-07-03T00:00:00,Usage,AmazonS3,Amazon Simple Storage Service,us-east-1,bucket-8d85f4f44b9b,TimedStorage-ByteHrs,StandardStorage,Amazon Simple Storage Service usage for Analytics Platform,GB-Mo,99.865425,0.023,2.296905,0.023,2.296905,0.0,0.0,0.0,0.0,USD,OnDemand,OnDemand,,Analytics Platform,Data and Analytics,prod,CC200,Data Platform,True,False,2025-07-04,VALID,
111111111111,2025-07-01,2025-08-01,111111111113,f3de72f6-559e-550e-8f60-639bd4e03a7a,2025-07-02T00:00:00,2025-07-03T00:00:00,Usage,AmazonS3,Amazon Simple Storage Service,us-east-1,bucket-49029d0c758e,TimedStorage-ByteHrs,StandardStorage,Amazon Simple Storage Service usage for Recommendations,GB-Mo,91.562463,0.023,2.105937,0.023,2.105937,0.0,0.0,0.0,0.0,USD,OnDemand,OnDemand,,Recommendations,Digital Commerce,prod,CC100,Personalization,True,False,2025-07-04,VALID,
111111111111,2025-07-01,2025-08-01,111111111113,f9d9cd52-60cb-5edd-9e38-285178e3c104,2025-07-02T00:00:00,2025-07-03T00:00:00,Usage,AmazonVPC,Amazon Virtual Private Cloud,us-east-1,eni-9830b6147fd5,DataTransfer-Out-Bytes,DataTransfer,Amazon Virtual Private Cloud usage for Analytics Platform,GB,126.1458,0.09,11.353122,0.09,11.353122,0.0,0.0,0.0,0.0,USD,OnDemand,OnDemand,,,,,,,True,False,2025-07-04,MISSING_TAGS,
111111111111,2025-07-01,2025-08-01,111111111114,73236d44-3968-582d-9947-c80caf7bcb7c,2025-07-02T00:00:00,2025-07-03T00:00:00,Usage,AmazonCloudWatch,Amazon CloudWatch,us-east-1,log-group-db6ed53c81be,DataProcessing-Bytes,PutLogEvents,Amazon CloudWatch usage for Shared Platform,GB,15.941034,0.5,7.970517,0.5,7.970517,0.0,0.0,0.0,0.0,USD,OnDemand,OnDemand,,Shared Platform,Shared Technology,prod,CC900,Cloud Platform,True,False,2025-07-04,VALID,
111111111111,2025-07-01,2025-08-01,111111111114,dac81121-f485-5dc0-adb6-94e4032cac76,2025-07-02T00:00:00,2025-07-03T00:00:00,Usage,AmazonEC2,Amazon Elastic Compute Cloud,us-east-1,i-834e202a955d,BoxUsage:m6i.large,RunInstances,Amazon Elastic Compute Cloud usage for Shared Platform,Hrs,21.254712,0.096,2.040452,0.096,2.040452,0.0,0.0,0.0,0.0,USD,OnDemand,OnDemand,,Shared Platform,Shared Technology,prod,CC900,Cloud Platform,True,False,2025-07-04,VALID,
111111111111,2025-07-01,2025-08-01,111111111114,2331956c-8889-5a42-86b6-37a3773b3717,2025-07-02T00:00:00,2025-07-03T00:00:00,Usage,AmazonS3,Amazon Simple Storage Service,us-east-1,bucket-28a564fdf6ef,TimedStorage-ByteHrs,StandardStorage,Amazon Simple Storage Service usage for Shared Platform,GB-Mo,84.133235,0.023,1.935064,0.023,1.935064,0.0,0.0,0.0,0.0,USD,OnDemand,OnDemand,,Shared Platform,Shared Technology,prod,CC900,Cloud Platform,True,False,2025-07-04,VALID,
111111111111,2025-07-01,2025-08-01,111111111114,ac988e91-a9a7-53fe-81a4-6bfe2d611774,2025-07-02T00:00:00,2025-07-03T00:00:00,Usage,AmazonVPC,Amazon Virtual Private Cloud,us-east-1,eni-75dc99cf5711,DataTransfer-Out-Bytes,DataTransfer,Amazon Virtual Private Cloud usage for Shared Platform,GB,106.27356,0.09,9.56462,0.09,9.56462,0.0,0.0,0.0,0.0,USD,OnDemand,OnDemand,,Shared Platform,Shared Technology,prod,CC900,Cloud Platform,True,False,2025-07-04,VALID,
111111111111,2025-07-01,2025-08-01,111111111115,3f06d057-f73d-5ef1-a9b6-91d96b0c60d2,2025-07-02T00:00:00,2025-07-03T00:00:00,Usage,AWSLambda,AWS Lambda,us-east-1,function-8de807ab9562,Request,Invoke,AWS Lambda usage for Storefront,Requests,132297.48,0.0,0.026459,0.0,0.026459,0.0,0.0,0.0,0.0,USD,OnDemand,OnDemand,,,,,,,True,False,2025-07-04,MISSING_TAGS,
111111111111,2025-07-01,2025-08-01,111111111115,c0130c51-ea7d-5a73-ac95-adc7c27e08c9,2025-07-02T00:00:00,2025-07-03T00:00:00,Usage,AWSLambda,AWS Lambda,us-east-1,function-65d5e2b9d3f5,Request,Invoke,AWS Lambda usage for Customer Support,Requests,51050.727,0.0,0.01021,0.0,0.01021,0.0,0.0,0.0,0.0,USD,OnDemand,OnDemand,,Customer Support,Customer Operations,nonprod,CC300,Support Engineering,True,False,2025-07-04,VALID,
111111111111,2025-07-01,2025-08-01,111111111115,f5db8844-7829-56d0-ba12-95801d32b712,2025-07-02T00:00:00,2025-07-03T00:00:00,Usage,AWSLambda,AWS Lambda,us-east-1,function-783020bf17f1,Request,Invoke,AWS Lambda usage for Checkout,Requests,93440.746,0.0,0.018688,0.0,0.018688,0.0,0.0,0.0,0.0,USD,OnDemand,OnDemand,,Checkout,Digital Commerce,nonprod,CC100,Commerce Platform,True,False,2025-07-04,VALID,
111111111111,2025-07-01,2025-08-01,111111111115,4250a110-5919-5f81-91bc-ec24d9cb4db8,2025-07-02T00:00:00,2025-07-03T00:00:00,Usage,AmazonCloudWatch,Amazon CloudWatch,us-east-1,log-group-18b623e0354b,DataProcessing-Bytes,PutLogEvents,Amazon CloudWatch usage for Analytics Platform,GB,5.201415,0.5,2.600707,0.5,2.600707,0.0,0.0,0.0,0.0,USD,OnDemand,OnDemand,,Analytics Platform,Data and Analytics,nonprod,CC200,Data Platform,True,False,2025-07-04,VALID,
111111111111,2025-07-01,2025-08-01,111111111115,8936d470-86a7-5924-b0a0-0307ab67a85a,2025-07-02T00:00:00,2025-07-03T00:00:00,Usage,AmazonCloudWatch,Amazon CloudWatch,us-east-1,log-group-f03c816a9583,DataProcessing-Bytes,PutLogEvents,Amazon CloudWatch usage for Checkout,GB,4.805524,0.5,2.402762,0.5,2.402762,0.0,0.0,0.0,0.0,USD,OnDemand,OnDemand,,Checkout,Digital Commerce,nonprod,CC100,Commerce Platform,True,False,2025-07-04,VALID,
111111111111,2025-07-01,2025-08-01,111111111115,d411d8f0-5722-50ca-96b5-8fa0ef00c7f0,2025-07-02T00:00:00,2025-07-03T00:00:00,Usage,AmazonCloudWatch,Amazon CloudWatch,us-east-1,log-group-1e0feb326219,DataProcessing-Bytes,PutLogEvents,Amazon CloudWatch usage for Shared Platform,GB,4.257309,0.5,2.128654,0.5,2.128654,0.0,0.0,0.0,0.0,USD,OnDemand,OnDemand,,Shared Platform,Shared Technology,nonprod,CC900,Cloud Platform,True,False,2025-07-04,VALID,
111111111111,2025-07-01,2025-08-01,111111111115,d4c0ff11-6548-5163-96fa-41702421ff65,2025-07-02T00:00:00,2025-07-03T00:00:00,Usage,AmazonCloudWatch,Amazon CloudWatch,us-east-1,log-group-02b805c96a25,DataProcessing-Bytes,PutLogEvents,Amazon CloudWatch usage for Storefront,GB,6.80387,0.5,3.401935,0.5,3.401935,0.0,0.0,0.0,0.0,USD,OnDemand,OnDemand,,Storefront,Digital Commerce,nonprod,CC100,Web Experience,True,False,2025-07-04,VALID,
111111111111,2025-07-01,2025-08-01,111111111115,d4e9fafe-91fd-5772-8bc3-74cd167607a0,2025-07-02T00:00:00,2025-07-03T00:00:00,Usage,AmazonCloudWatch,Amazon CloudWatch,us-east-1,log-group-69e4c5216945,DataProcessing-Bytes,PutLogEvents,Amazon CloudWatch usage for Customer Support,GB,2.625466,0.5,1.312733,0.5,1.312733,0.0,0.0,0.0,0.0,USD,OnDemand,OnDemand,,Customer Support,Customer Operations,nonprod,CC300,Support Engineering,True,False,2025-07-04,VALID,
111111111111,2025-07-01,2025-08-01,111111111115,05c7eb42-2ca8-5ad0-b203-b72f6db801a4,2025-07-02T00:00:00,2025-07-03T00:00:00,Usage,AmazonEC2,Amazon Elastic Compute Cloud,us-east-1,i-c7864699a67c,BoxUsage:m6i.large,RunInstances,Amazon Elastic Compute Cloud usage for Analytics Platform,Hrs,6.93522,0.096,0.665781,0.096,0.665781,0.0,0.0,0.0,0.0,USD,OnDemand,OnDemand,,Analytics Platform,Data and Analytics,nonprod,CC200,Data Platform,True,False,2025-07-04,VALID,
111111111111,2025-07-01,2025-08-01,111111111115,3ab1a067-373e-5df9-8f84-75bb9e55bd5d,2025-07-02T00:00:00,2025-07-03T00:00:00,Usage,AmazonEC2,Amazon Elastic Compute Cloud,us-east-1,i-5d8c91750735,BoxUsage:m6i.large,RunInstances,Amazon Elastic Compute Cloud usage for Shared Platform,Hrs,5.676412,0.096,0.544936,0.096,0.544936,0.0,0.0,0.0,0.0,USD,OnDemand,OnDemand,,Shared Platform,Shared Technology,nonprod,CC900,Cloud Platform,True,False,2025-07-04,VALID,
111111111111,2025-07-01,2025-08-01,111111111115,5e7eef7e-7255-5936-b3a9-a9c339772ffa,2025-07-02T00:00:00,2025-07-03T00:00:00,Usage,AmazonEC2,Amazon Elastic Compute Cloud,us-east-1,i-114cf0f55fe5,BoxUsage:m6i.large,RunInstances,Amazon Elastic Compute Cloud usage for Checkout,Hrs,6.407365,0.096,0.615107,0.096,0.615107,0.0,0.0,0.0,0.0,USD,OnDemand,OnDemand,,Checkout,Digital Commerce,nonprod,CC100,Commerce Platform,True,False,2025-07-04,VALID,
111111111111,2025-07-01,2025-08-01,111111111115,a0d10408-3e5f-5dd2-aa16-7209bc72f3ad,2025-07-02T00:00:00,2025-07-03T00:00:00,Usage,AmazonEC2,Amazon Elastic Compute Cloud,us-east-1,i-fc96166ee2dc,BoxUsage:m6i.large,RunInstances,Amazon Elastic Compute Cloud usage for Storefront,Hrs,9.071827,0.096,0.870895,0.096,0.870895,0.0,0.0,0.0,0.0,USD,OnDemand,OnDemand,,Storefront,Digital Commerce,nonprod,CC100,Web Experience,True,False,2025-07-04,VALID,
111111111111,2025-07-01,2025-08-01,111111111115,7dc4a0ae-9af1-5980-a290-8705eee2e1cb,2025-07-02T00:00:00,2025-07-03T00:00:00,Usage,AmazonRDS,Amazon Relational Database Service,us-east-1,db-f50cbd473b4b,InstanceUsage:db.m6g.large,CreateDBInstance,Amazon Relational Database Service usage for Customer Support,Hrs,3.500621,0.152,0.532094,0.152,0.532094,0.0,0.0,0.0,0.0,USD,OnDemand,OnDemand,,Customer Support,Customer Operations,nonprod,CC300,Support Engineering,True,False,2025-07-04,VALID,
111111111111,2025-07-01,2025-08-01,111111111115,83326de1-0f56-5931-8976-82c1e0e23297,2025-07-02T00:00:00,2025-07-03T00:00:00,Usage,AmazonRDS,Amazon Relational Database Service,us-east-1,db-728c0f2e3bf4,InstanceUsage:db.m6g.large,CreateDBInstance,Amazon Relational Database Service usage for Analytics Platform,Hrs,6.93522,0.152,1.054153,0.152,1.054153,0.0,0.0,0.0,0.0,USD,OnDemand,OnDemand,,,,,,,True,False,2025-07-04,MISSING_TAGS,
